rank,name
1,william
2,john
3,thomas
4,george
5,james
6,henry
7,charles
8,joseph
9,robert
10,edward
11,richard
12,samuel
13,alfred
14,frederick
15,david
16,arthur
17,walter
18,edwin
19,benjamin
20,francis
21,albert
22,daniel
23,isaac
24,peter
25,harry
26,stephen
27,edmund
28,frank
29,tom
30,michael
31,matthew
32,herbert
33,abraham
34,alexander
35,mark
36,frederic
37,andrew
38,philip
39,jonathan
40,christopher
41,evan
42,jesse
43,hugh
44,joshua
45,lewis
46,ralph
47,josiah
48,jacob
49,eli
50,reuben
51,patrick
52,owen
53,amos
54,elijah
55,moses
56,job
57,enoch
58,sidney
59,fred
60,martin
61,cornelius
62,anthony
63,ernest
63,jabez
65,levi
66,luke
67,joe
68,ebenezer
68,adam
70,jeremiah
71,sam
72,nicholas
72,aaron
74,oliver
75,timothy
76,nathaniel
77,edgar
78,emanuel
79,leonard
80,noah
81,griffith
81,jonas
83,allen
83,ephraim
85,nathan
86,elias
87,ambrose
87,caleb
89,dennis
89,rees
89,solomon
92,rowland
93,horace
93,ellis
95,abel
96,louis
97,phillip
97,isaiah
99,roger
100,simeon
101,paul
102,ben
103,morgan
104,simon
104,sydney
106,lawrence
107,augustus
108,clement
109,bernard
110,morris
110,wilson
112,squire
113,sampson
114,archibald
114,theophilus
116,israel
117,ezra
117,seth
119,dan
120,gilbert
121,horatio
121,jonah
123,humphrey
123,miles
124,silas
126,elisha
126,maurice
128,hiram
128,joel
128,uriah
131,wright
132,percy
133,vincent
134,reginald
135,septimus
136,enos
136,harold
138,allan
138,felix
138,johnson
141,mathew
142,bartholomew
142,theodore
144,austin
144,edmond
146,adolphus
147,smith
148,robinson
149,absalom
149,valentine
151,jenkin
151,lionel
153,harrison
153,howard
153,hubert
153,matthias
157,cuthbert
157,giles
157,shadrach
157,wilfred
161,hartley
161,jim
163,douglas
163,ezekiel
163,jasper
166,llewellyn
166,wallace
168,lot
169,arnold
169,denis
169,donald
169,gabriel
169,howell
169,samson
169,titus
176,abram
176,hezekiah
176,laurence
176,walker
180,christian
180,harvey
180,julius
180,oswald
180,stanley
180,watkin
186,marshall
186,oscar
186,spencer
186,thompson
190,watson
191,godfrey
191,zachariah
193,dick
193,esau
193,llewelyn
193,obadiah
193,percival
198,alan
198,nelson
198,nehemiah
